{
  "documentationUrl": "https://docs.airbyte.io/integrations/sources/zendesk_sunshine",
  "connectionSpecification": {
    "$schema": "http://json-schema.org/draft-07/schema#",
    "title": "Zendesk Sunshine Spec",
    "type": "object",
    "required": ["email", "api_token", "subdomain", "start_date"],
    "additionalProperties": false,
    "properties": {
      "start_date": {
        "title": "Start Date",
        "type": "string",
        "description": "The date from which you'd like to replicate the data",
        "pattern": "^[0-9]{4}-[0-9]{2}-[0-9]{2}T[0-9]{2}:[0-9]{2}:[0-9]{2}Z$",
        "examples": "2021-01-01T00:00:00.000000Z"
      },
      "api_token": {
        "type": "string",
        "airbyte_secret": true,
        "description": "API Token. See the <a href=\"https://docs.airbyte.io/integrations/sources/zendesk_sunshine\">docs</a> for information on how to generate this key."
      },
      "email": {
        "type": "string",
        "description": "The user email for your Zendesk account"
      },
      "subdomain": {
        "type": "string",
        "description": "The subdomain for your Zendesk Account"
      }
    }
  }
}
