{
  "type": "object",
  "properties": {
    "object_type": {
      "type": "string"
    },
    "rbac": {
      "type": "object",
      "properties": {
        "admin": {
          "type": "object",
          "properties": {
            "create": {
              "type": "boolean"
            },
            "read": {
              "type": "boolean"
            },
            "update": {
              "type": "boolean"
            },
            "delete": {
              "type": "boolean"
            }
          }
        },
        "agent": {
          "type": "object",
          "properties": {
            "create": {
              "type": "boolean"
            },
            "read": {
              "type": "boolean"
            },
            "update": {
              "type": "boolean"
            },
            "delete": {
              "type": "boolean"
            }
          }
        },
        "end_user": {
          "type": "object",
          "properties": {
            "create": {
              "type": "boolean"
            },
            "read": {
              "type": "boolean"
            },
            "update": {
              "type": "boolean"
            },
            "delete": {
              "type": "boolean"
            }
          }
        }
      }
    }
  }
}