{
  "type": "object",
  "properties": {
    "key": {
      "type": "string"
    },
    "schema": {
      "type": "object",
      "properties": {
        "properties": {
          "type": "object"
        },
        "required": {
          "type": "array",
          "items": {
            "type": "string"
          }
        },
        "additionalProperties": {
          "type": "boolean"
        }
      }
    },
    "created_at": {
      "type": "string"
    },
    "updated_at": {
      "type": "string"
    }
  }
}